pathway_id,pathway_name,match_status,pathway_cids,p_value,log_p,fdr,piv
hsa00410,beta-Alanine metabolism - Homo sapiens (human),3/32,"['C00024', 'C00049', 'C00083', 'C00099', 'C00100', 'C00106', 'C00135', 'C00222', 'C00315', 'C00334', 'C00383', 'C00386', 'C00429', 'C00555', 'C00750', 'C00804', 'C00864', 'C00894', 'C00986', 'C01013', 'C01073', 'C01262', 'C02335', 'C02642', 'C03492', 'C03722', 'C05340', 'C05341', 'C05665', 'C05668', 'C05669', 'C05670']",0.004975124378109453,2.303196057420489,0.00912106135986733,1.0
hsa00770,Pantothenate and CoA biosynthesis - Homo sapiens (human),3/30,"['C00010', 'C00022', 'C00049', 'C00054', 'C00097', 'C00099', 'C00106', 'C00141', 'C00183', 'C00229', 'C00429', 'C00522', 'C00750', 'C00831', 'C00864', 'C00882', 'C00966', 'C01053', 'C01088', 'C01134', 'C02642', 'C03492', 'C03688', 'C04079', 'C04272', 'C04352', 'C05665', 'C05944', 'C06010', 'C18911']",0.004975124378109453,2.303196057420489,0.00912106135986733,0.36441732330018095
hsa01240,Biosynthesis of cofactors - Homo sapiens (human),9/330,"['C00002', 'C00003', 'C00006', 'C00008', 'C00010', 'C00015', 'C00016', 'C00018', 'C00019', 'C00020', 'C00021', 'C00022', 'C00024', 'C00025', 'C00026', 'C00029', 'C00032', 'C00036', 'C00037', 'C00044', 'C00049', 'C00051', 'C00061', 'C00063', 'C00064', 'C00065', 'C00068', 'C00072', 'C00073', 'C00074', 'C00075', 'C00078', 'C00082', 'C00083', 'C00085', 'C00096', 'C00097', 'C00099', 'C00101', 'C00103', 'C00105', 'C00112', 'C00117', 'C00118', 'C00119', 'C00120', 'C00127', 'C00130', 'C00141', 'C00143', 'C00153', 'C00156', 'C00158', 'C00167', 'C00169', 'C00183', 'C00191', 'C00194', 'C00197', 'C00199', 'C00234', 'C00250', 'C00251', 'C00253', 'C00254', 'C00255', 'C00272', 'C00275', 'C00279', 'C00295', 'C00311', 'C00314', 'C00322', 'C00328', 'C00333', 'C00337', 'C00341', 'C00376', 'C00378', 'C00390', 'C00399', 'C00415', 'C00430', 'C00438', 'C00445', 'C00473', 'C00483', 'C00493', 'C00504', 'C00522', 'C00544', 'C00568', 'C00593', 'C00617', 'C00627', 'C00632', 'C00636', 'C00668', 'C00669', 'C00748', 'C00750', 'C00800', 'C00828', 'C00853', 'C00857', 'C00862', 'C00864', 'C00876', 'C00882', 'C00885', 'C00921', 'C00931', 'C00966', 'C01024', 'C01037', 'C01040', 'C01051', 'C01063', 'C01079', 'C01081', 'C01092', 'C01103', 'C01115', 'C01134', 'C01179', 'C01185', 'C01209', 'C01217', 'C01251', 'C01268', 'C01279', 'C01300', 'C01304', 'C01352', 'C01825', 'C01847', 'C01909', 'C01944', 'C02059', 'C02094', 'C02191', 'C02280', 'C02291', 'C02463', 'C02477', 'C02483', 'C02637', 'C02656', 'C02700', 'C02730', 'C02953', 'C02972', 'C02987', 'C03033', 'C03114', 'C03160', 'C03227', 'C03263', 'C03313', 'C03373', 'C03393', 'C03492', 'C03541', 'C03576', 'C03657', 'C03684', 'C03722', 'C03741', 'C03794', 'C04037', 'C04145', 'C04294', 'C04327', 'C04332', 'C04352', 'C04409', 'C04454', 'C04556', 'C04628', 'C04732', 'C04752', 'C04778', 'C04807', 'C04874', 'C04895', 'C05427', 'C05432', 'C05528', 'C05662', 'C05665', 'C05752', 'C05770', 'C05772', 'C05773', 'C05775', 'C05777', 'C05778', 'C05807', 'C05817', 'C05819', 'C05840', 'C05847', 'C05848', 'C05849', 'C05924', 'C05925', 'C05927', 'C06054', 'C06055', 'C06313', 'C06319', 'C06320', 'C06399', 'C06406', 'C06407', 'C06408', 'C06416', 'C06423', 'C06503', 'C06504', 'C06506', 'C06507', 'C06508', 'C06509', 'C06510', 'C07335', 'C09332', 'C11355', 'C11437', 'C11536', 'C11537', 'C11538', 'C11540', 'C11542', 'C11543', 'C11545', 'C11638', 'C13309', 'C14151', 'C14152', 'C15547', 'C15556', 'C15670', 'C15672', 'C15809', 'C15810', 'C15812', 'C15813', 'C15814', 'C15882', 'C15883', 'C15926', 'C15930', 'C15972', 'C15973', 'C16242', 'C16243', 'C16244', 'C16519', 'C16583', 'C16588', 'C16589', 'C16597', 'C16598', 'C16600', 'C16695', 'C16999', 'C17010', 'C17017', 'C17018', 'C17401', 'C17551', 'C17552', 'C17554', 'C17559', 'C17561', 'C17562', 'C17570', 'C18237', 'C18239', 'C18802', 'C18910', 'C18911', 'C19152', 'C19153', 'C19154', 'C19155', 'C19156', 'C19673', 'C19845', 'C19846', 'C19847', 'C19848', 'C19858', 'C19859', 'C20246', 'C20247', 'C20264', 'C20265', 'C20372', 'C20373', 'C20374', 'C20375', 'C20376', 'C20377', 'C20378', 'C20562', 'C20683', 'C20772', 'C20773', 'C20784', 'C20926', 'C20954', 'C21068', 'C21069', 'C21070', 'C21084', 'C21284', 'C21310', 'C21510', 'C21511', 'C21512', 'C21621', 'C21835', 'C21860', 'C21971', 'C22039', 'C22159', 'C22160', 'C22458']",0.004975124378109453,2.303196057420489,0.00912106135986733,0.15634414540575542
hsa00480,Glutathione metabolism - Homo sapiens (human),4/38,"['C00005', 'C00006', 'C00024', 'C00025', 'C00037', 'C00051', 'C00072', 'C00077', 'C00097', 'C00127', 'C00134', 'C00151', 'C00315', 'C00669', 'C00750', 'C01322', 'C01419', 'C01672', 'C01879', 'C02090', 'C02320', 'C03170', 'C03646', 'C03740', 'C05422', 'C05726', 'C05727', 'C05729', 'C05730', 'C16562', 'C16563', 'C16564', 'C16565', 'C16566', 'C16567', 'C16568', 'C16663', 'C16664']",0.004975124378109453,2.303196057420489,0.00912106135986733,0.13440380573514532
hsa00340,Histidine metabolism - Homo sapiens (human),3/47,"['C00025', 'C00026', 'C00049', 'C00119', 'C00135', 'C00386', 'C00388', 'C00439', 'C00785', 'C00860', 'C01044', 'C01045', 'C01100', 'C01152', 'C01262', 'C01267', 'C01929', 'C02739', 'C02741', 'C02835', 'C03277', 'C03409', 'C03680', 'C04437', 'C04666', 'C04677', 'C04896', 'C04916', 'C05127', 'C05130', 'C05131', 'C05133', 'C05135', 'C05565', 'C05568', 'C05570', 'C05571', 'C05572', 'C05575', 'C05827', 'C05828', 'C05829', 'C16673', 'C16674', 'C20522', 'C20994', 'C20995']",0.004975124378109453,2.303196057420489,0.00912106135986733,0.13141616410132248
hsa00240,Pyrimidine metabolism - Homo sapiens (human),2/66,"['C00015', 'C00039', 'C00046', 'C00055', 'C00063', 'C00064', 'C00075', 'C00086', 'C00099', 'C00105', 'C00106', 'C00112', 'C00119', 'C00169', 'C00178', 'C00214', 'C00222', 'C00239', 'C00295', 'C00299', 'C00337', 'C00363', 'C00364', 'C00365', 'C00380', 'C00383', 'C00429', 'C00438', 'C00458', 'C00459', 'C00460', 'C00475', 'C00526', 'C00672', 'C00705', 'C00813', 'C00881', 'C00941', 'C01013', 'C01103', 'C01168', 'C01205', 'C01346', 'C01368', 'C01563', 'C02067', 'C02170', 'C02354', 'C02355', 'C02376', 'C02642', 'C03997', 'C05281', 'C05822', 'C06198', 'C11038', 'C11039', 'C15607', 'C20231', 'C20249', 'C20253', 'C20254', 'C20846', 'C21028', 'C21029', 'C22509']",0.004975124378109453,2.303196057420489,0.00912106135986733,0.12902759866060295
hsa00640,Propanoate metabolism - Homo sapiens (human),2/42,"['C00024', 'C00036', 'C00042', 'C00068', 'C00083', 'C00091', 'C00099', 'C00100', 'C00109', 'C00111', 'C00163', 'C00186', 'C00222', 'C00424', 'C00479', 'C00511', 'C00546', 'C00583', 'C00683', 'C00804', 'C00827', 'C00894', 'C01013', 'C01213', 'C02170', 'C02225', 'C02335', 'C02876', 'C04225', 'C04593', 'C05235', 'C05668', 'C05979', 'C05983', 'C05984', 'C05989', 'C06002', 'C15972', 'C15973', 'C21017', 'C21018', 'C21250']",0.19900497512437812,0.7011360660925264,0.2457102243882628,0.11927762232060773
hsa00970,Aminoacyl-tRNA biosynthesis - Homo sapiens (human),14/52,"['C00025', 'C00037', 'C00041', 'C00047', 'C00049', 'C00062', 'C00064', 'C00065', 'C00073', 'C00078', 'C00079', 'C00082', 'C00097', 'C00101', 'C00123', 'C00135', 'C00148', 'C00152', 'C00183', 'C00188', 'C00234', 'C00407', 'C00886', 'C01005', 'C01931', 'C02047', 'C02163', 'C02282', 'C02412', 'C02430', 'C02553', 'C02554', 'C02702', 'C02839', 'C02984', 'C02987', 'C02988', 'C02992', 'C03125', 'C03127', 'C03294', 'C03402', 'C03511', 'C03512', 'C06112', 'C06113', 'C06481', 'C06482', 'C16138', 'C16638', 'C17022', 'C17027']",0.004975124378109453,2.303196057420489,0.00912106135986733,0.10088936359458515
hsa00250,"Alanine, aspartate and glutamate metabolism - Homo sapiens (human)",4/28,"['C00014', 'C00022', 'C00025', 'C00026', 'C00036', 'C00041', 'C00042', 'C00049', 'C00064', 'C00122', 'C00152', 'C00158', 'C00169', 'C00232', 'C00334', 'C00352', 'C00402', 'C00438', 'C00940', 'C01042', 'C02362', 'C03090', 'C03406', 'C03794', 'C03912', 'C12270', 'C20775', 'C20776']",0.004975124378109453,2.303196057420489,0.00912106135986733,0.08930304120255954
hsa01230,Biosynthesis of amino acids - Homo sapiens (human),15/128,"['C00011', 'C00014', 'C00019', 'C00021', 'C00022', 'C00025', 'C00026', 'C00036', 'C00037', 'C00041', 'C00047', 'C00049', 'C00062', 'C00064', 'C00065', 'C00073', 'C00074', 'C00077', 'C00078', 'C00079', 'C00082', 'C00085', 'C00097', 'C00108', 'C00109', 'C00111', 'C00117', 'C00118', 'C00119', 'C00123', 'C00135', 'C00141', 'C00148', 'C00152', 'C00155', 'C00158', 'C00166', 'C00169', 'C00183', 'C00188', 'C00197', 'C00199', 'C00231', 'C00233', 'C00236', 'C00251', 'C00254', 'C00263', 'C00279', 'C00311', 'C00322', 'C00327', 'C00354', 'C00407', 'C00437', 'C00441', 'C00449', 'C00493', 'C00624', 'C00631', 'C00666', 'C00671', 'C00680', 'C00826', 'C00860', 'C00944', 'C00956', 'C00979', 'C01005', 'C01100', 'C01102', 'C01118', 'C01165', 'C01179', 'C01250', 'C01251', 'C01267', 'C01269', 'C01302', 'C02291', 'C02504', 'C02612', 'C02637', 'C02739', 'C02741', 'C03082', 'C03175', 'C03232', 'C03283', 'C03287', 'C03406', 'C03506', 'C03539', 'C03871', 'C03912', 'C03972', 'C04002', 'C04076', 'C04133', 'C04272', 'C04302', 'C04390', 'C04411', 'C04421', 'C04462', 'C04666', 'C04691', 'C04896', 'C04916', 'C05382', 'C05539', 'C05662', 'C05824', 'C06006', 'C06007', 'C06010', 'C06019', 'C06032', 'C15532', 'C19886', 'C19887', 'C19888', 'C19889', 'C20258', 'C20948', 'C20949', 'C20950', 'C20951']",0.004975124378109453,2.303196057420489,0.00912106135986733,0.0826564933788028
hsa00430,Taurine and hypotaurine metabolism - Homo sapiens (human),4/24,"['C00022', 'C00024', 'C00025', 'C00026', 'C00033', 'C00041', 'C00084', 'C00094', 'C00097', 'C00227', 'C00245', 'C00506', 'C00519', 'C00593', 'C00606', 'C01678', 'C01959', 'C03149', 'C05122', 'C05123', 'C05844', 'C06735', 'C14179', 'C19685']",0.004975124378109453,2.303196057420489,0.00912106135986733,0.05460632733204178
hsa00220,Arginine biosynthesis - Homo sapiens (human),4/24,"['C00011', 'C00014', 'C00025', 'C00026', 'C00049', 'C00062', 'C00064', 'C00077', 'C00086', 'C00122', 'C00169', 'C00288', 'C00327', 'C00437', 'C00624', 'C01010', 'C01250', 'C03406', 'C04133', 'C15532', 'C20948', 'C20949', 'C20950', 'C20951']",0.004975124378109453,2.303196057420489,0.00912106135986733,0.05367370010529137
hsa00330,Arginine and proline metabolism - Homo sapiens (human),5/71,"['C00012', 'C00019', 'C00022', 'C00025', 'C00048', 'C00062', 'C00077', 'C00086', 'C00134', 'C00148', 'C00179', 'C00213', 'C00223', 'C00300', 'C00315', 'C00334', 'C00406', 'C00431', 'C00436', 'C00441', 'C00533', 'C00555', 'C00581', 'C00750', 'C00763', 'C00791', 'C00884', 'C00986', 'C01035', 'C01043', 'C01110', 'C01137', 'C01157', 'C01165', 'C01250', 'C01682', 'C02305', 'C02565', 'C02647', 'C02714', 'C02946', 'C03078', 'C03166', 'C03287', 'C03296', 'C03375', 'C03415', 'C03564', 'C03771', 'C03912', 'C04137', 'C04281', 'C05147', 'C05931', 'C05932', 'C05933', 'C05936', 'C05938', 'C05945', 'C05946', 'C05947', 'C10497', 'C15699', 'C15700', 'C15767', 'C18172', 'C18174', 'C18326', 'C19706', 'C20560', 'C22886']",0.004975124378109453,2.303196057420489,0.00912106135986733,0.04422236686489321
hsa00120,Primary bile acid biosynthesis - Homo sapiens (human),2/47,"['C00037', 'C00187', 'C00245', 'C00695', 'C01301', 'C01794', 'C01921', 'C02528', 'C03594', 'C04554', 'C04722', 'C05122', 'C05337', 'C05444', 'C05445', 'C05446', 'C05447', 'C05448', 'C05449', 'C05451', 'C05452', 'C05453', 'C05454', 'C05455', 'C05460', 'C05465', 'C05466', 'C05467', 'C05468', 'C06341', 'C13550', 'C15518', 'C15519', 'C15520', 'C15610', 'C15613', 'C15614', 'C17331', 'C17332', 'C17333', 'C17335', 'C17336', 'C17337', 'C17339', 'C17343', 'C17345', 'C17346']",0.004975124378109453,2.303196057420489,0.00912106135986733,0.033335764709035556
hsa00350,Tyrosine metabolism - Homo sapiens (human),1/78,"['C00022', 'C00042', 'C00082', 'C00122', 'C00146', 'C00164', 'C00232', 'C00355', 'C00483', 'C00530', 'C00544', 'C00547', 'C00628', 'C00642', 'C00788', 'C00811', 'C00822', 'C01036', 'C01060', 'C01061', 'C01161', 'C01179', 'C01384', 'C01693', 'C01829', 'C01850', 'C02167', 'C02442', 'C02465', 'C02514', 'C02515', 'C03063', 'C03077', 'C03758', 'C03765', 'C03964', 'C04043', 'C04045', 'C04052', 'C04185', 'C04186', 'C04368', 'C04642', 'C04796', 'C04797', 'C05338', 'C05350', 'C05576', 'C05577', 'C05578', 'C05579', 'C05580', 'C05581', 'C05582', 'C05583', 'C05584', 'C05585', 'C05587', 'C05588', 'C05589', 'C05593', 'C05594', 'C05595', 'C05596', 'C05600', 'C05604', 'C06044', 'C06046', 'C06047', 'C06048', 'C06199', 'C06201', 'C10447', 'C17935', 'C17936', 'C17937', 'C17938', 'C22038']",0.12935323383084577,0.888222709449671,0.16303897180762852,0.03291473578789881
hsa00260,"Glycine, serine and threonine metabolism - Homo sapiens (human)",5/48,"['C00011', 'C00014', 'C00022', 'C00037', 'C00048', 'C00049', 'C00065', 'C00078', 'C00097', 'C00101', 'C00109', 'C00114', 'C00143', 'C00168', 'C00188', 'C00197', 'C00213', 'C00258', 'C00263', 'C00300', 'C00430', 'C00441', 'C00546', 'C00576', 'C00581', 'C00631', 'C00719', 'C00740', 'C00986', 'C01005', 'C01026', 'C01102', 'C01242', 'C01888', 'C02051', 'C02291', 'C02737', 'C02972', 'C03082', 'C03194', 'C03232', 'C03283', 'C03508', 'C05519', 'C06231', 'C06442', 'C16432', 'C19929']",0.004975124378109453,2.303196057420489,0.00912106135986733,0.03275801565230618
hsa01200,Carbon metabolism - Homo sapiens (human),5/115,"['C00011', 'C00014', 'C00022', 'C00024', 'C00025', 'C00026', 'C00033', 'C00036', 'C00037', 'C00041', 'C00042', 'C00048', 'C00049', 'C00058', 'C00065', 'C00067', 'C00074', 'C00083', 'C00085', 'C00091', 'C00097', 'C00100', 'C00101', 'C00111', 'C00117', 'C00118', 'C00119', 'C00122', 'C00132', 'C00136', 'C00143', 'C00149', 'C00158', 'C00160', 'C00168', 'C00169', 'C00184', 'C00197', 'C00198', 'C00199', 'C00204', 'C00218', 'C00221', 'C00222', 'C00227', 'C00231', 'C00232', 'C00234', 'C00236', 'C00237', 'C00257', 'C00258', 'C00267', 'C00279', 'C00283', 'C00311', 'C00332', 'C00345', 'C00354', 'C00440', 'C00445', 'C00447', 'C00488', 'C00543', 'C00565', 'C00566', 'C00577', 'C00631', 'C00668', 'C00683', 'C00877', 'C00894', 'C00979', 'C00988', 'C00989', 'C01001', 'C01005', 'C01011', 'C01013', 'C01144', 'C01172', 'C01182', 'C01213', 'C01217', 'C01236', 'C01274', 'C01438', 'C01732', 'C02225', 'C03232', 'C03561', 'C03576', 'C03618', 'C03920', 'C04225', 'C04330', 'C04348', 'C04377', 'C04442', 'C04488', 'C04593', 'C04628', 'C04832', 'C05382', 'C05668', 'C06019', 'C06027', 'C06028', 'C11062', 'C18026', 'C18323', 'C18324', 'C18799', 'C18802', 'C20238']",0.004975124378109453,2.303196057420489,0.00912106135986733,0.032666699074835284
hsa00620,Pyruvate metabolism - Homo sapiens (human),2/32,"['C00022', 'C00024', 'C00033', 'C00036', 'C00042', 'C00058', 'C00068', 'C00074', 'C00083', 'C00084', 'C00122', 'C00149', 'C00186', 'C00227', 'C00256', 'C00332', 'C00424', 'C00469', 'C00546', 'C00937', 'C01251', 'C02488', 'C02504', 'C03248', 'C03451', 'C03981', 'C05125', 'C05993', 'C05994', 'C15972', 'C15973', 'C16255']",0.24875621890547264,0.6042260530844701,0.3009950248756219,0.03213229099031417
hsa01210,2-Oxocarboxylic acid metabolism - Homo sapiens (human),10/144,"['C00022', 'C00024', 'C00025', 'C00026', 'C00036', 'C00041', 'C00047', 'C00049', 'C00073', 'C00077', 'C00078', 'C00079', 'C00082', 'C00091', 'C00100', 'C00109', 'C00123', 'C00141', 'C00158', 'C00166', 'C00183', 'C00233', 'C00311', 'C00322', 'C00407', 'C00417', 'C00437', 'C00441', 'C00527', 'C00624', 'C00630', 'C00671', 'C00810', 'C00956', 'C01069', 'C01179', 'C01180', 'C01250', 'C01251', 'C02153', 'C02226', 'C02356', 'C02504', 'C02612', 'C02631', 'C02937', 'C02939', 'C03082', 'C03219', 'C03283', 'C03719', 'C04002', 'C04133', 'C04181', 'C04236', 'C04272', 'C04350', 'C04411', 'C05379', 'C05533', 'C05662', 'C05837', 'C06006', 'C06007', 'C06010', 'C06032', 'C08401', 'C08407', 'C08409', 'C08412', 'C08417', 'C08418', 'C08426', 'C14463', 'C15980', 'C16516', 'C16517', 'C16518', 'C16583', 'C16588', 'C16589', 'C16597', 'C16598', 'C16600', 'C17210', 'C17211', 'C17212', 'C17213', 'C17214', 'C17215', 'C17216', 'C17217', 'C17218', 'C17219', 'C17220', 'C17221', 'C17222', 'C17223', 'C17224', 'C17225', 'C17226', 'C17227', 'C17228', 'C17229', 'C17230', 'C17231', 'C17232', 'C17233', 'C17235', 'C17236', 'C17237', 'C17238', 'C17239', 'C17240', 'C17241', 'C17242', 'C17243', 'C17244', 'C17245', 'C17246', 'C17248', 'C17249', 'C17250', 'C17251', 'C17252', 'C17253', 'C17254', 'C17255', 'C17256', 'C19491', 'C19714', 'C19886', 'C19887', 'C19888', 'C19889', 'C20327', 'C20581', 'C20582', 'C20653', 'C20654', 'C20948', 'C20949', 'C20950', 'C20951']",0.004975124378109453,2.303196057420489,0.00912106135986733,0.030195579945762028
hsa00630,Glyoxylate and dicarboxylate metabolism - Homo sapiens (human),5/67,"['C00007', 'C00011', 'C00014', 'C00022', 'C00024', 'C00025', 'C00026', 'C00027', 'C00033', 'C00036', 'C00037', 'C00042', 'C00048', 'C00049', 'C00058', 'C00064', 'C00065', 'C00091', 'C00100', 'C00111', 'C00136', 'C00149', 'C00158', 'C00160', 'C00168', 'C00197', 'C00209', 'C00258', 'C00266', 'C00311', 'C00313', 'C00332', 'C00417', 'C00552', 'C00631', 'C00683', 'C00798', 'C00877', 'C00888', 'C00898', 'C00975', 'C00988', 'C01127', 'C01146', 'C01182', 'C01213', 'C01380', 'C01732', 'C01989', 'C01990', 'C02123', 'C02405', 'C03217', 'C03459', 'C03548', 'C03561', 'C03618', 'C04348', 'C05840', 'C06027', 'C06028', 'C06049', 'C18026', 'C18324', 'C19838', 'C20238', 'C22337']",0.004975124378109453,2.303196057420489,0.00912106135986733,0.028594412573679565
hsa00562,Inositol phosphate metabolism - Homo sapiens (human),1/47,"['C00024', 'C00092', 'C00111', 'C00118', 'C00137', 'C00191', 'C00222', 'C00558', 'C00641', 'C00691', 'C01177', 'C01194', 'C01204', 'C01220', 'C01243', 'C01245', 'C01272', 'C01277', 'C01284', 'C03546', 'C03659', 'C03660', 'C04006', 'C04062', 'C04063', 'C04287', 'C04477', 'C04520', 'C04549', 'C04563', 'C04579', 'C04637', 'C05981', 'C06153', 'C06892', 'C06893', 'C11554', 'C11555', 'C11556', 'C11557', 'C16737', 'C19794', 'C19799', 'C19891', 'C20251', 'C21643', 'C21644']",0.004975124378109453,2.303196057420489,0.00912106135986733,0.027553803937216178
hsa00400,"Phenylalanine, tyrosine and tryptophan biosynthesis - Homo sapiens (human)",2/35,"['C00074', 'C00078', 'C00079', 'C00082', 'C00108', 'C00119', 'C00166', 'C00230', 'C00251', 'C00254', 'C00279', 'C00296', 'C00354', 'C00441', 'C00463', 'C00493', 'C00587', 'C00826', 'C00944', 'C01094', 'C01179', 'C01269', 'C01302', 'C02637', 'C03175', 'C03506', 'C04302', 'C04691', 'C16848', 'C16850', 'C17235', 'C20327', 'C20653', 'C20654', 'C20710']",0.0845771144278607,1.072747136042215,0.11370923161967939,0.023572848969283
hsa00360,Phenylalanine metabolism - Homo sapiens (human),2/49,"['C00022', 'C00024', 'C00042', 'C00079', 'C00082', 'C00084', 'C00091', 'C00122', 'C00166', 'C00423', 'C00512', 'C00582', 'C00596', 'C00601', 'C00642', 'C01198', 'C01772', 'C02137', 'C02232', 'C02265', 'C02505', 'C02763', 'C03519', 'C03589', 'C04044', 'C04148', 'C04479', 'C05332', 'C05593', 'C05598', 'C05607', 'C05629', 'C05852', 'C05853', 'C06207', 'C07086', 'C11457', 'C11588', 'C12621', 'C12622', 'C12623', 'C12624', 'C14144', 'C14145', 'C15524', 'C19945', 'C19946', 'C19975', 'C20062']",0.0845771144278607,1.072747136042215,0.11370923161967939,0.022193379138764978
hsa00564,Glycerophospholipid metabolism - Homo sapiens (human),3/56,"['C00040', 'C00065', 'C00084', 'C00093', 'C00111', 'C00114', 'C00157', 'C00189', 'C00269', 'C00307', 'C00344', 'C00346', 'C00350', 'C00416', 'C00513', 'C00570', 'C00588', 'C00623', 'C00641', 'C00670', 'C00681', 'C01194', 'C01210', 'C01233', 'C01241', 'C01996', 'C02737', 'C03372', 'C03819', 'C03872', 'C03892', 'C03974', 'C04230', 'C04233', 'C04308', 'C04438', 'C04590', 'C04638', 'C05973', 'C05974', 'C05976', 'C05980', 'C06771', 'C06772', 'C13482', 'C18059', 'C18125', 'C18126', 'C18129', 'C18168', 'C18169', 'C20466', 'C20518', 'C22340', 'C22341', 'C22342']",0.004975124378109453,2.303196057420489,0.00912106135986733,0.019364386533947706
hsa00670,One carbon pool by folate - Homo sapiens (human),3/26,"['C00002', 'C00019', 'C00021', 'C00037', 'C00065', 'C00073', 'C00097', 'C00101', 'C00114', 'C00143', 'C00155', 'C00212', 'C00213', 'C00234', 'C00364', 'C00365', 'C00415', 'C00440', 'C00445', 'C00504', 'C00576', 'C00664', 'C00719', 'C01026', 'C02291', 'C03479']",0.004975124378109453,2.303196057420489,0.00912106135986733,0.01794433208499013
hsa00010,Glycolysis / Gluconeogenesis - Homo sapiens (human),3/31,"['C00022', 'C00024', 'C00031', 'C00033', 'C00036', 'C00068', 'C00074', 'C00084', 'C00085', 'C00103', 'C00111', 'C00118', 'C00186', 'C00197', 'C00221', 'C00236', 'C00267', 'C00354', 'C00469', 'C00631', 'C00668', 'C01159', 'C01172', 'C01451', 'C05125', 'C06186', 'C06187', 'C06188', 'C15972', 'C15973', 'C16255']",0.2935323383084577,0.5323440457783447,0.3448292517992561,0.017330887570447474
hsa00500,Starch and sucrose metabolism - Homo sapiens (human),1/37,"['C00029', 'C00031', 'C00085', 'C00089', 'C00092', 'C00095', 'C00103', 'C00185', 'C00208', 'C00252', 'C00369', 'C00372', 'C00394', 'C00498', 'C00501', 'C00663', 'C00689', 'C00718', 'C00721', 'C00760', 'C00963', 'C00965', 'C00973', 'C01083', 'C01231', 'C01725', 'C01898', 'C01935', 'C02591', 'C02995', 'C03323', 'C04534', 'C05731', 'C06215', 'C06400', 'C16688', 'C20237']",0.7412935323383084,0.13000978900821486,0.7537522471675236,0.013465672569685517
hsa00230,Purine metabolism - Homo sapiens (human),3/101,"['C00002', 'C00008', 'C00011', 'C00014', 'C00020', 'C00035', 'C00037', 'C00039', 'C00044', 'C00046', 'C00048', 'C00053', 'C00054', 'C00059', 'C00064', 'C00081', 'C00086', 'C00104', 'C00117', 'C00119', 'C00130', 'C00131', 'C00144', 'C00147', 'C00169', 'C00206', 'C00209', 'C00212', 'C00224', 'C00242', 'C00262', 'C00286', 'C00288', 'C00294', 'C00301', 'C00330', 'C00360', 'C00361', 'C00362', 'C00366', 'C00385', 'C00387', 'C00499', 'C00559', 'C00575', 'C00603', 'C00620', 'C00655', 'C00700', 'C00802', 'C00942', 'C01228', 'C01260', 'C01261', 'C01344', 'C01345', 'C01367', 'C01444', 'C01762', 'C02091', 'C02348', 'C02350', 'C02353', 'C02718', 'C03090', 'C03373', 'C03483', 'C03614', 'C03794', 'C03838', 'C04051', 'C04376', 'C04392', 'C04494', 'C04640', 'C04677', 'C04734', 'C04751', 'C04823', 'C05239', 'C05512', 'C05513', 'C05515', 'C05516', 'C05993', 'C06193', 'C06194', 'C06195', 'C06196', 'C06197', 'C06433', 'C06435', 'C11821', 'C12248', 'C15667', 'C22395', 'C22441', 'C22442', 'C22443', 'C22499', 'C22500']",0.004975124378109453,2.303196057420489,0.00912106135986733,0.012473311014353488
hsa00910,Nitrogen metabolism - Homo sapiens (human),2/20,"['C00007', 'C00011', 'C00014', 'C00025', 'C00058', 'C00064', 'C00088', 'C00169', 'C00192', 'C00244', 'C00288', 'C00488', 'C00533', 'C00697', 'C00726', 'C00887', 'C01417', 'C01563', 'C05361', 'C06058']",0.004975124378109453,2.303196057420489,0.00912106135986733,0.012144809299224216
hsa00290,"Valine, leucine and isoleucine biosynthesis - Homo sapiens (human)",4/23,"['C00022', 'C00024', 'C00109', 'C00123', 'C00141', 'C00183', 'C00188', 'C00233', 'C00407', 'C00671', 'C02226', 'C02504', 'C02612', 'C02631', 'C04181', 'C04236', 'C04272', 'C04411', 'C06006', 'C06007', 'C06010', 'C06032', 'C14463']",0.3034825870646766,0.5178662224097218,0.34972755271262734,0.010954597779191898
hsa00310,Lysine degradation - Homo sapiens (human),2/56,"['C00024', 'C00026', 'C00037', 'C00042', 'C00047', 'C00068', 'C00136', 'C00164', 'C00322', 'C00332', 'C00408', 'C00431', 'C00449', 'C00450', 'C00487', 'C00489', 'C00527', 'C00739', 'C00877', 'C00956', 'C00990', 'C01087', 'C01142', 'C01144', 'C01149', 'C01181', 'C01186', 'C01211', 'C01259', 'C01672', 'C02188', 'C02727', 'C03087', 'C03196', 'C03239', 'C03273', 'C03366', 'C03656', 'C03793', 'C04020', 'C04076', 'C04092', 'C04487', 'C05161', 'C05231', 'C05544', 'C05545', 'C05546', 'C05548', 'C05825', 'C06157', 'C12455', 'C15972', 'C15973', 'C16741', 'C22667']",0.004975124378109453,2.303196057420489,0.00912106135986733,0.010785462787605614
hsa00780,Biotin metabolism - Homo sapiens (human),1/29,"['C00047', 'C00086', 'C00120', 'C01037', 'C01063', 'C01092', 'C01209', 'C01894', 'C01909', 'C02656', 'C05552', 'C05921', 'C06250', 'C19673', 'C19845', 'C19846', 'C20372', 'C20373', 'C20374', 'C20375', 'C20376', 'C20377', 'C20378', 'C20384', 'C20385', 'C20386', 'C20387', 'C20683', 'C22458']",0.024875621890547265,1.60422605308447,0.04123219518844136,0.010785462787605614
hsa00280,"Valine, leucine and isoleucine degradation - Homo sapiens (human)",3/42,"['C00024', 'C00068', 'C00091', 'C00100', 'C00123', 'C00141', 'C00164', 'C00183', 'C00233', 'C00332', 'C00349', 'C00356', 'C00407', 'C00630', 'C00671', 'C00683', 'C01205', 'C01213', 'C02170', 'C02939', 'C03069', 'C03231', 'C03284', 'C03344', 'C03345', 'C03460', 'C04405', 'C05996', 'C05998', 'C06000', 'C06001', 'C06002', 'C15972', 'C15973', 'C15974', 'C15975', 'C15976', 'C15977', 'C15978', 'C15979', 'C15980', 'C20827']",0.24875621890547264,0.6042260530844701,0.3009950248756219,0.010005791573849919
hsa00052,Galactose metabolism - Homo sapiens (human),2/46,"['C00029', 'C00031', 'C00052', 'C00085', 'C00089', 'C00095', 'C00103', 'C00111', 'C00116', 'C00118', 'C00124', 'C00137', 'C00159', 'C00243', 'C00267', 'C00446', 'C00492', 'C00577', 'C00668', 'C00794', 'C00795', 'C00880', 'C00984', 'C01097', 'C01113', 'C01132', 'C01216', 'C01235', 'C01286', 'C01613', 'C01697', 'C02262', 'C02669', 'C03383', 'C03733', 'C03785', 'C05396', 'C05399', 'C05400', 'C05401', 'C05402', 'C05404', 'C05796', 'C06311', 'C06376', 'C06377']",0.004975124378109453,2.303196057420489,0.00912106135986733,0.008203895301380338
hsa00130,Ubiquinone and other terpenoid-quinone biosynthesis - Homo sapiens (human),1/74,"['C00082', 'C00156', 'C00223', 'C00251', 'C00341', 'C00353', 'C00390', 'C00399', 'C00423', 'C00544', 'C00811', 'C00828', 'C00885', 'C01179', 'C02059', 'C02477', 'C02483', 'C02730', 'C02949', 'C03160', 'C03313', 'C03657', 'C03964', 'C03993', 'C04145', 'C05427', 'C05807', 'C05817', 'C05819', 'C05847', 'C05848', 'C05849', 'C06986', 'C10793', 'C13309', 'C14151', 'C14152', 'C14153', 'C14154', 'C14155', 'C14156', 'C15547', 'C15882', 'C15883', 'C16519', 'C16695', 'C16999', 'C17010', 'C17017', 'C17018', 'C17412', 'C17551', 'C17552', 'C17554', 'C17559', 'C17561', 'C17562', 'C17570', 'C18131', 'C18132', 'C18133', 'C18134', 'C18135', 'C19847', 'C19858', 'C19859', 'C20265', 'C20737', 'C20738', 'C20772', 'C20773', 'C21084', 'C21860', 'C22039']",0.11940298507462686,0.9229848157088829,0.1520816967792616,0.006582947157579762
hsa00785,Lipoic acid metabolism - Homo sapiens (human),1/44,"['C00011', 'C00014', 'C00022', 'C00024', 'C00026', 'C00037', 'C00068', 'C00091', 'C00101', 'C00141', 'C00143', 'C00233', 'C00322', 'C00527', 'C00630', 'C00671', 'C01242', 'C01944', 'C02051', 'C02147', 'C02939', 'C02972', 'C05125', 'C05381', 'C05752', 'C06157', 'C06423', 'C15972', 'C15973', 'C15974', 'C15975', 'C15976', 'C15977', 'C15978', 'C15979', 'C15980', 'C16238', 'C16241', 'C16254', 'C16255', 'C22159', 'C22160', 'C22161', 'C22667']",0.004975124378109453,2.303196057420489,0.00912106135986733,0.006032601043014665
hsa01250,Biosynthesis of nucleotide sugars - Homo sapiens (human),1/204,"['C00029', 'C00043', 'C00052', 'C00085', 'C00095', 'C00096', 'C00103', 'C00128', 'C00137', 'C00140', 'C00159', 'C00167', 'C00190', 'C00191', 'C00199', 'C00203', 'C00216', 'C00259', 'C00267', 'C00270', 'C00275', 'C00325', 'C00329', 'C00333', 'C00352', 'C00357', 'C00394', 'C00446', 'C00498', 'C00501', 'C00617', 'C00636', 'C00645', 'C00668', 'C00688', 'C00842', 'C00935', 'C00976', 'C00984', 'C01019', 'C01050', 'C01112', 'C01132', 'C01170', 'C01187', 'C01219', 'C01222', 'C01623', 'C01788', 'C02199', 'C02280', 'C02713', 'C02977', 'C02985', 'C03117', 'C03187', 'C03319', 'C03442', 'C03598', 'C03599', 'C03691', 'C03733', 'C03906', 'C04037', 'C04089', 'C04121', 'C04257', 'C04268', 'C04297', 'C04346', 'C04478', 'C04501', 'C04573', 'C04613', 'C04630', 'C04631', 'C05382', 'C05385', 'C06018', 'C06156', 'C06240', 'C06241', 'C06377', 'C06397', 'C06398', 'C06620', 'C07277', 'C07836', 'C07838', 'C11460', 'C11472', 'C11521', 'C11907', 'C11908', 'C11909', 'C11910', 'C11911', 'C11912', 'C11915', 'C11916', 'C11919', 'C11920', 'C11921', 'C11922', 'C11925', 'C11926', 'C11927', 'C11928', 'C11933', 'C12210', 'C12211', 'C12318', 'C12319', 'C12320', 'C12321', 'C12322', 'C12481', 'C13952', 'C15925', 'C16153', 'C16155', 'C16183', 'C16698', 'C17269', 'C17280', 'C17281', 'C17326', 'C17327', 'C17328', 'C18029', 'C18030', 'C18031', 'C18032', 'C18033', 'C18034', 'C18035', 'C18060', 'C18092', 'C18094', 'C19725', 'C19745', 'C19769', 'C19823', 'C19878', 'C19879', 'C19880', 'C19881', 'C19947', 'C19948', 'C19960', 'C19961', 'C19971', 'C19972', 'C20082', 'C20083', 'C20156', 'C20357', 'C20359', 'C20395', 'C20415', 'C20418', 'C20419', 'C20424', 'C20612', 'C20613', 'C20638', 'C20672', 'C20682', 'C20768', 'C20769', 'C20774', 'C20934', 'C21027', 'C21071', 'C21073', 'C21074', 'C21137', 'C21383', 'C21384', 'C22029', 'C22245', 'C22246', 'C22247', 'C22248', 'C22249', 'C22250', 'C22251', 'C22252', 'C22253', 'C22254', 'C22255', 'C22256', 'C22257', 'C22259', 'C22260', 'C22261', 'C22262', 'C22270', 'C22276', 'C22397', 'C22575', 'C22576', 'C22938', 'C22973']",0.004975124378109453,2.303196057420489,0.00912106135986733,0.005510760787443236
hsa00053,Ascorbate and aldarate metabolism - Homo sapiens (human),1/57,"['C00022', 'C00026', 'C00029', 'C00072', 'C00096', 'C00137', 'C00167', 'C00191', 'C00216', 'C00231', 'C00259', 'C00333', 'C00433', 'C00545', 'C00558', 'C00617', 'C00618', 'C00652', 'C00679', 'C00684', 'C00800', 'C00818', 'C00878', 'C00879', 'C01040', 'C01041', 'C01101', 'C01114', 'C01115', 'C01146', 'C01620', 'C01825', 'C02280', 'C02670', 'C03033', 'C03064', 'C03289', 'C03291', 'C03826', 'C03921', 'C04037', 'C04575', 'C05385', 'C05411', 'C05412', 'C05422', 'C06316', 'C14899', 'C15923', 'C15924', 'C15925', 'C15926', 'C15930', 'C16186', 'C20889', 'C20896', 'C21955']",0.004975124378109453,2.303196057420489,0.00912106135986733,0.005510760787443236
hsa00860,Porphyrin metabolism - Homo sapiens (human),3/148,"['C00025', 'C00032', 'C00037', 'C00188', 'C00194', 'C00430', 'C00486', 'C00500', 'C00524', 'C00541', 'C00748', 'C00853', 'C00931', 'C00992', 'C01024', 'C01051', 'C01079', 'C01708', 'C02139', 'C02191', 'C02463', 'C02469', 'C02800', 'C02823', 'C02880', 'C02987', 'C03029', 'C03114', 'C03179', 'C03194', 'C03263', 'C03373', 'C03516', 'C03741', 'C04122', 'C04536', 'C04778', 'C05306', 'C05307', 'C05766', 'C05767', 'C05768', 'C05769', 'C05770', 'C05772', 'C05773', 'C05774', 'C05775', 'C05777', 'C05778', 'C05779', 'C05780', 'C05781', 'C05782', 'C05783', 'C05784', 'C05785', 'C05786', 'C05787', 'C05789', 'C05790', 'C05791', 'C05793', 'C05794', 'C05795', 'C05797', 'C05798', 'C05912', 'C05913', 'C06319', 'C06320', 'C06399', 'C06406', 'C06407', 'C06408', 'C06416', 'C06503', 'C06504', 'C06505', 'C06506', 'C06507', 'C06508', 'C06509', 'C06510', 'C11242', 'C11243', 'C11538', 'C11540', 'C11542', 'C11543', 'C11545', 'C11630', 'C11829', 'C11830', 'C11831', 'C11832', 'C11850', 'C11851', 'C12147', 'C14818', 'C14819', 'C15670', 'C15672', 'C16242', 'C16243', 'C16244', 'C16540', 'C16541', 'C17401', 'C18021', 'C18022', 'C18064', 'C18098', 'C18151', 'C18152', 'C18153', 'C18154', 'C18155', 'C18156', 'C18157', 'C18160', 'C18161', 'C18162', 'C18163', 'C19608', 'C20666', 'C21217', 'C21284', 'C21427', 'C21428', 'C21429', 'C21431', 'C21432', 'C21433', 'C21434', 'C21435', 'C21510', 'C21511', 'C21512', 'C21582', 'C21723', 'C21724', 'C21764', 'C21835', 'C22338', 'C22339', 'C22450', 'C22451']",0.004975124378109453,2.303196057420489,0.00912106135986733,0.0054111334807363295
hsa00650,Butanoate metabolism - Homo sapiens (human),2/47,"['C00022', 'C00024', 'C00025', 'C00026', 'C00042', 'C00091', 'C00122', 'C00132', 'C00136', 'C00164', 'C00207', 'C00232', 'C00246', 'C00332', 'C00334', 'C00356', 'C00497', 'C00741', 'C00810', 'C00877', 'C00989', 'C01089', 'C01144', 'C01384', 'C01412', 'C01769', 'C01845', 'C02331', 'C02411', 'C02527', 'C02630', 'C03044', 'C03046', 'C03058', 'C03561', 'C04546', 'C06010', 'C06142', 'C06143', 'C06144', 'C06145', 'C06146', 'C11062', 'C17530', 'C20657', 'C20783', 'C21390']",0.004975124378109453,2.303196057420489,0.00912106135986733,0.004548901765195194
hsa00760,Nicotinate and nicotinamide metabolism - Homo sapiens (human),1/55,"['C00003', 'C00006', 'C00022', 'C00042', 'C00049', 'C00111', 'C00122', 'C00153', 'C00163', 'C00232', 'C00253', 'C00334', 'C00455', 'C00745', 'C00857', 'C00922', 'C01020', 'C01056', 'C01059', 'C01185', 'C01297', 'C01384', 'C01596', 'C02295', 'C02918', 'C02930', 'C03043', 'C03056', 'C03150', 'C03458', 'C03652', 'C03722', 'C04226', 'C05380', 'C05840', 'C05841', 'C05842', 'C05843', 'C06178', 'C15523', 'C15986', 'C15987', 'C16151', 'C16152', 'C16159', 'C16386', 'C16390', 'C18232', 'C19567', 'C19569', 'C19631', 'C20361', 'C20381', 'C21075', 'C21154']",0.11442786069651742,0.941468221402896,0.148879259615899,0.004157866581660434
hsa00450,Selenocompound metabolism - Homo sapiens (human),1/27,"['C00017', 'C00041', 'C01528', 'C02535', 'C05172', 'C05335', 'C05336', 'C05684', 'C05686', 'C05688', 'C05689', 'C05690', 'C05695', 'C05697', 'C05698', 'C05699', 'C05703', 'C06481', 'C06482', 'C16638', 'C18870', 'C18871', 'C18872', 'C18893', 'C18902', 'C18904', 'C18905']",0.009950248756218905,2.002166061756508,0.017448986949311414,0.003631795216475843
hsa00565,Ether lipid metabolism - Homo sapiens (human),1/25,"['C00670', 'C00958', 'C01233', 'C01264', 'C02773', 'C03201', 'C03372', 'C03454', 'C03715', 'C03820', 'C03968', 'C04317', 'C04361', 'C04475', 'C04517', 'C04598', 'C04635', 'C04756', 'C05212', 'C05977', 'C15645', 'C15646', 'C15647', 'C20825', 'C20859']",0.014925373134328358,1.8260748027008264,0.02579957356076759,0.002862851846012065
hsa01232,Nucleotide metabolism - Homo sapiens (human),2/58,"['C00002', 'C00008', 'C00015', 'C00020', 'C00035', 'C00044', 'C00055', 'C00063', 'C00064', 'C00075', 'C00081', 'C00104', 'C00105', 'C00106', 'C00112', 'C00119', 'C00130', 'C00131', 'C00144', 'C00147', 'C00178', 'C00206', 'C00212', 'C00214', 'C00239', 'C00242', 'C00262', 'C00286', 'C00294', 'C00299', 'C00330', 'C00360', 'C00361', 'C00362', 'C00363', 'C00364', 'C00365', 'C00380', 'C00385', 'C00387', 'C00458', 'C00459', 'C00460', 'C00475', 'C00526', 'C00559', 'C00655', 'C00700', 'C00705', 'C00881', 'C01337', 'C01344', 'C01345', 'C01346', 'C01762', 'C03794', 'C05512', 'C06196']",0.004975124378109453,2.303196057420489,0.00912106135986733,0.001815556449572178
hsa00524,"Neomycin, kanamycin and gentamicin biosynthesis - Homo sapiens (human)",2/81,"['C00025', 'C00029', 'C00031', 'C00043', 'C00092', 'C00229', 'C00397', 'C00825', 'C00832', 'C00908', 'C01441', 'C01555', 'C01737', 'C01743', 'C01759', 'C01822', 'C01823', 'C01917', 'C02033', 'C02627', 'C07656', 'C12210', 'C12211', 'C15652', 'C17209', 'C17580', 'C17581', 'C17582', 'C17583', 'C17584', 'C17585', 'C17586', 'C17587', 'C17588', 'C17589', 'C17701', 'C17702', 'C17703', 'C17704', 'C17705', 'C17706', 'C17707', 'C17712', 'C17997', 'C18000', 'C18001', 'C18002', 'C18003', 'C18004', 'C18005', 'C18006', 'C18007', 'C18008', 'C18009', 'C20350', 'C20351', 'C20353', 'C20509', 'C20614', 'C20699', 'C21176', 'C21251', 'C21252', 'C21253', 'C21254', 'C21255', 'C21256', 'C21257', 'C21258', 'C21259', 'C21260', 'C21261', 'C21262', 'C21263', 'C21264', 'C21265', 'C21266', 'C21267', 'C21268', 'C21269', 'C21270']",0.004975124378109453,2.303196057420489,0.00912106135986733,0.0013465672569685518
hsa04750,Inflammatory mediator regulation of TRP channels - Homo sapiens (human),1/35,"['C00002', 'C00076', 'C00080', 'C00165', 'C00219', 'C00388', 'C00400', 'C00469', 'C00575', 'C00584', 'C00780', 'C00808', 'C00809', 'C00903', 'C01245', 'C01330', 'C02165', 'C04742', 'C04805', 'C05965', 'C05966', 'C06254', 'C06866', 'C07600', 'C09155', 'C09179', 'C09844', 'C11695', 'C12083', 'C12271', 'C14768', 'C14769', 'C19317', 'C20171', 'C20698']",0.05472636815920398,1.261803372262264,0.08075476277150832,0.0
hsa04742,Taste transduction - Homo sapiens (human),3/32,"['C00002', 'C00008', 'C00020', 'C00025', 'C00031', 'C00076', 'C00080', 'C00089', 'C00095', 'C00130', 'C00133', 'C00144', 'C00149', 'C00158', 'C00208', 'C00238', 'C00334', 'C00547', 'C00575', 'C00740', 'C00780', 'C01245', 'C01327', 'C01330', 'C01451', 'C01996', 'C02265', 'C06526', 'C11045', 'C12283', 'C12284', 'C19378']",0.01990049751243781,1.7011360660925265,0.03344389165284688,0.0
hsa04713,Circadian entrainment - Homo sapiens (human),1/9,"['C00025', 'C00076', 'C00165', 'C00238', 'C00533', 'C00575', 'C00942', 'C01330', 'C01598']",0.004975124378109453,2.303196057420489,0.00912106135986733,0.0
hsa04714,Thermogenesis - Homo sapiens (human),1/23,"['C00002', 'C00004', 'C00008', 'C00010', 'C00024', 'C00040', 'C00080', 'C00116', 'C00162', 'C00165', 'C00318', 'C00422', 'C00547', 'C00575', 'C00745', 'C00942', 'C00951', 'C01352', 'C01885', 'C02301', 'C02465', 'C11695', 'C13856']",0.0945273631840796,1.02444245646766,0.12432403201384382,0.0
hsa05208,Chemical carcinogenesis - reactive oxygen species - Homo sapiens (human),1/57,"['C00001', 'C00003', 'C00005', 'C00006', 'C00007', 'C00019', 'C00021', 'C00023', 'C00027', 'C00051', 'C00070', 'C00084', 'C00127', 'C00146', 'C00291', 'C00469', 'C00472', 'C00530', 'C00704', 'C00951', 'C01407', 'C01413', 'C01782', 'C02389', 'C02575', 'C02814', 'C03434', 'C03622', 'C04623', 'C05301', 'C05309', 'C05981', 'C06268', 'C06269', 'C06696', 'C07294', 'C07295', 'C07308', 'C07535', 'C07557', 'C10998', 'C14209', 'C14850', 'C14852', 'C16038', 'C16453', 'C16844', 'C18205', 'C18933', 'C19171', 'C20300', 'C20316', 'C20319', 'C22355', 'C22356', 'C22357', 'C22381']",0.004975124378109453,2.303196057420489,0.00912106135986733,0.0
hsa04964,Proximal tubule bicarbonate reclamation - Homo sapiens (human),2/17,"['C00001', 'C00011', 'C00014', 'C00025', 'C00026', 'C00036', 'C00064', 'C00074', 'C00080', 'C00149', 'C00238', 'C00267', 'C00288', 'C00698', 'C01330', 'C01353', 'C01358']",0.004975124378109453,2.303196057420489,0.00912106135986733,0.0
hsa04721,Synaptic vesicle cycle - Homo sapiens (human),3/12,"['C00002', 'C00025', 'C00037', 'C00076', 'C00080', 'C00334', 'C00388', 'C00547', 'C00780', 'C01996', 'C03758', 'C16041']",0.004975124378109453,2.303196057420489,0.00912106135986733,0.0
hsa04723,Retrograde endocannabinoid signaling - Homo sapiens (human),1/19,"['C00025', 'C00076', 'C00116', 'C00157', 'C00165', 'C00189', 'C00219', 'C00238', 'C00334', 'C00350', 'C00427', 'C00575', 'C00689', 'C01245', 'C01330', 'C11695', 'C13856', 'C19912', 'C19913']",0.004975124378109453,2.303196057420489,0.00912106135986733,0.0
hsa04730,Long-term depression - Homo sapiens (human),1/9,"['C00025', 'C00076', 'C00165', 'C00219', 'C00533', 'C00641', 'C00942', 'C01245', 'C01330']",0.004975124378109453,2.303196057420489,0.00912106135986733,0.0
hsa04720,Long-term potentiation - Homo sapiens (human),1/7,"['C00025', 'C00076', 'C00165', 'C00305', 'C00575', 'C01245', 'C01330']",0.004975124378109453,2.303196057420489,0.00912106135986733,0.0
hsa04728,Dopaminergic synapse - Homo sapiens (human),1/12,"['C00076', 'C00082', 'C00165', 'C00238', 'C00355', 'C00575', 'C01161', 'C01245', 'C01330', 'C03758', 'C05582', 'C05587']",0.07960199004975124,1.099076074764564,0.10945273631840796,0.0
hsa04725,Cholinergic synapse - Homo sapiens (human),2/12,"['C00010', 'C00024', 'C00033', 'C00076', 'C00114', 'C00165', 'C00238', 'C00575', 'C01245', 'C01330', 'C01996', 'C04637']",0.03980099502487562,1.4001060704285453,0.06096101769632848,0.0
hsa04981,Folate transport and metabolism - Homo sapiens (human),1/20,"['C00019', 'C00021', 'C00073', 'C00080', 'C00101', 'C00114', 'C00143', 'C00155', 'C00157', 'C00364', 'C00365', 'C00415', 'C00440', 'C00445', 'C00504', 'C00719', 'C01026', 'C01937', 'C01996', 'C03479']",0.5024875621890548,0.29887468363784625,0.542866027007818,0.0
hsa04978,Mineral absorption - Homo sapiens (human),10/29,"['C00009', 'C00031', 'C00032', 'C00037', 'C00038', 'C00041', 'C00064', 'C00065', 'C00070', 'C00073', 'C00076', 'C00078', 'C00079', 'C00080', 'C00123', 'C00124', 'C00148', 'C00152', 'C00183', 'C00188', 'C00238', 'C00288', 'C00305', 'C00407', 'C00698', 'C01330', 'C01673', 'C14818', 'C14819']",0.004975124378109453,2.303196057420489,0.00912106135986733,0.0
hsa05231,Choline metabolism in cancer - Homo sapiens (human),3/11,"['C00093', 'C00114', 'C00157', 'C00162', 'C00165', 'C00307', 'C00416', 'C00588', 'C00670', 'C04230', 'C05981']",0.004975124378109453,2.303196057420489,0.00912106135986733,0.0
hsa04727,GABAergic synapse - Homo sapiens (human),2/9,"['C00025', 'C00026', 'C00042', 'C00064', 'C00076', 'C00238', 'C00334', 'C00575', 'C00698']",0.004975124378109453,2.303196057420489,0.00912106135986733,0.0
hsa04724,Glutamatergic synapse - Homo sapiens (human),2/8,"['C00025', 'C00064', 'C00076', 'C00165', 'C00238', 'C00575', 'C01245', 'C01330']",0.004975124378109453,2.303196057420489,0.00912106135986733,0.0
hsa05230,Central carbon metabolism in cancer - Homo sapiens (human),14/37,"['C00022', 'C00024', 'C00025', 'C00026', 'C00031', 'C00036', 'C00037', 'C00041', 'C00042', 'C00049', 'C00062', 'C00064', 'C00065', 'C00073', 'C00074', 'C00078', 'C00079', 'C00082', 'C00085', 'C00092', 'C00097', 'C00122', 'C00123', 'C00135', 'C00148', 'C00149', 'C00152', 'C00158', 'C00183', 'C00186', 'C00197', 'C00311', 'C00354', 'C00407', 'C00631', 'C00665', 'C00704']",0.004975124378109453,2.303196057420489,0.00912106135986733,0.0
hsa05034,Alcoholism - Homo sapiens (human),2/10,"['C00025', 'C00027', 'C00076', 'C00082', 'C00212', 'C00355', 'C00469', 'C00575', 'C01161', 'C03758']",0.004975124378109453,2.303196057420489,0.00912106135986733,0.0
hsa05131,Shigellosis - Homo sapiens (human),2/14,"['C00076', 'C00123', 'C00165', 'C00238', 'C00338', 'C00407', 'C01245', 'C04549', 'C04637', 'C04737', 'C05981', 'C11472', 'C11557', 'C20640']",0.29850746268656714,0.5250448070368453,0.3473019517795637,0.0
hsa05133,Pertussis - Homo sapiens (human),1/10,"['C00002', 'C00076', 'C00238', 'C00253', 'C00338', 'C00374', 'C00575', 'C05005', 'C12505', 'C19596']",0.03980099502487562,1.4001060704285453,0.06096101769632848,0.0
hsa04931,Insulin resistance - Homo sapiens (human),1/19,"['C00022', 'C00024', 'C00031', 'C00043', 'C00083', 'C00085', 'C00092', 'C00095', 'C00162', 'C00165', 'C00195', 'C00352', 'C00369', 'C00422', 'C00533', 'C02571', 'C02843', 'C05981', 'C06156']",0.8109452736318408,0.09100845301653109,0.8109452736318408,0.0
hsa04932,Non-alcoholic fatty liver disease - Homo sapiens (human),1/2,"['C00031', 'C00162']",0.6965174129353234,0.15706802174225082,0.7328574518710794,0.0
hsa04936,Alcoholic liver disease - Homo sapiens (human),1/11,"['C00003', 'C00005', 'C00006', 'C00024', 'C00033', 'C00040', 'C00076', 'C00083', 'C00084', 'C00469', 'C22381']",0.01990049751243781,1.7011360660925265,0.03344389165284688,0.0
hsa04930,Type II diabetes mellitus - Homo sapiens (human),2/6,"['C00002', 'C00022', 'C00031', 'C00076', 'C00162', 'C00238']",0.5323383084577115,0.2738122797352792,0.5700259763131247,0.0
hsa05415,Diabetic cardiomyopathy - Homo sapiens (human),3/39,"['C00001', 'C00002', 'C00005', 'C00006', 'C00022', 'C00024', 'C00027', 'C00031', 'C00043', 'C00051', 'C00076', 'C00085', 'C00092', 'C00095', 'C00118', 'C00127', 'C00162', 'C00165', 'C00195', 'C00236', 'C00318', 'C00352', 'C00369', 'C00533', 'C00546', 'C00704', 'C00794', 'C00873', 'C02135', 'C02843', 'C05981', 'C06156', 'C16844', 'C21011', 'C21012', 'C21013', 'C21014', 'C22310', 'C22311']",0.029850746268656716,1.5250448070368452,0.048810004033884635,0.0
hsa05410,Hypertrophic cardiomyopathy - Homo sapiens (human),1/3,"['C00002', 'C00076', 'C01330']",0.07462686567164178,1.1271047983648077,0.104998264491496,0.0
hsa04973,Carbohydrate digestion and absorption - Homo sapiens (human),2/27,"['C00011', 'C00031', 'C00033', 'C00076', 'C00089', 'C00092', 'C00095', 'C00124', 'C00163', 'C00165', 'C00208', 'C00238', 'C00243', 'C00246', 'C00282', 'C00369', 'C00707', 'C00714', 'C00760', 'C01330', 'C01355', 'C01835', 'C02049', 'C05981', 'C08822', 'C12284', 'C12285']",0.13930348258706468,0.8560380260782696,0.1737703236395343,0.0
hsa05033,Nicotine addiction - Homo sapiens (human),1/7,"['C00025', 'C00076', 'C00334', 'C00698', 'C00745', 'C01330', 'C01996']",0.004975124378109453,2.303196057420489,0.00912106135986733,0.0
hsa05031,Amphetamine addiction - Homo sapiens (human),2/9,"['C00025', 'C00027', 'C00076', 'C00082', 'C00355', 'C00575', 'C01161', 'C01330', 'C03758']",0.004975124378109453,2.303196057420489,0.00912106135986733,0.0
hsa05030,Cocaine addiction - Homo sapiens (human),2/7,"['C00025', 'C00027', 'C00082', 'C00355', 'C00575', 'C01161', 'C03758']",0.004975124378109453,2.303196057420489,0.00912106135986733,0.0
hsa05022,Pathways of neurodegeneration - multiple diseases - Homo sapiens (human),2/32,"['C00001', 'C00002', 'C00008', 'C00009', 'C00012', 'C00013', 'C00017', 'C00020', 'C00025', 'C00027', 'C00062', 'C00070', 'C00076', 'C00165', 'C00533', 'C00704', 'C01245', 'C01330', 'C01996', 'C04549', 'C04599', 'C07593', 'C11310', 'C15231', 'C16514', 'C16515', 'C16844', 'C16845', 'C21011', 'C21012', 'C21013', 'C21014']",0.004975124378109453,2.303196057420489,0.00912106135986733,0.0
hsa05017,Spinocerebellar ataxia - Homo sapiens (human),1/7,"['C00025', 'C00076', 'C00165', 'C00238', 'C01245', 'C01330', 'C04549']",0.004975124378109453,2.303196057420489,0.00912106135986733,0.0
hsa05016,Huntington disease - Homo sapiens (human),1/6,"['C00025', 'C00076', 'C00238', 'C01245', 'C01330', 'C04549']",0.009950248756218905,2.002166061756508,0.017448986949311414,0.0
hsa05014,Amyotrophic lateral sclerosis - Homo sapiens (human),1/14,"['C00001', 'C00008', 'C00025', 'C00027', 'C00039', 'C00046', 'C00062', 'C00070', 'C00076', 'C00533', 'C00704', 'C04549', 'C16844', 'C16845']",0.004975124378109453,2.303196057420489,0.00912106135986733,0.0
hsa05012,Parkinson disease - Homo sapiens (human),2/26,"['C00002', 'C00007', 'C00008', 'C00009', 'C00013', 'C00020', 'C00027', 'C00034', 'C00076', 'C00082', 'C00165', 'C00212', 'C00355', 'C00575', 'C00704', 'C01245', 'C03758', 'C04043', 'C04599', 'C07593', 'C11310', 'C14701', 'C15231', 'C16844', 'C17755', 'C22381']",0.03980099502487562,1.4001060704285453,0.06096101769632848,0.0
hsa04974,Protein digestion and absorption - Homo sapiens (human),16/47,"['C00011', 'C00014', 'C00025', 'C00033', 'C00037', 'C00041', 'C00047', 'C00049', 'C00062', 'C00064', 'C00065', 'C00073', 'C00076', 'C00078', 'C00079', 'C00080', 'C00082', 'C00097', 'C00099', 'C00123', 'C00134', 'C00135', 'C00146', 'C00148', 'C00152', 'C00163', 'C00183', 'C00188', 'C00238', 'C00246', 'C00282', 'C00388', 'C00407', 'C00463', 'C00483', 'C00491', 'C01327', 'C01330', 'C01438', 'C01468', 'C01672', 'C01746', 'C02632', 'C05996', 'C08262', 'C16138', 'C18319']",0.004975124378109453,2.303196057420489,0.00912106135986733,0.0
hsa04020,Calcium signaling pathway - Homo sapiens (human),1/11,"['C00002', 'C00004', 'C00076', 'C00165', 'C00575', 'C01245', 'C01330', 'C06124', 'C11556', 'C13050', 'C13051']",0.03482587064676617,1.4580980174062321,0.05618573797678275,0.0
hsa04976,Bile secretion - Homo sapiens (human),3/97,"['C00001', 'C00011', 'C00024', 'C00026', 'C00031', 'C00051', 'C00080', 'C00114', 'C00187', 'C00238', 'C00288', 'C00315', 'C00318', 'C00366', 'C00486', 'C00504', 'C00575', 'C00584', 'C00639', 'C00695', 'C00698', 'C00735', 'C00750', 'C00780', 'C00805', 'C00865', 'C00942', 'C01330', 'C01353', 'C01405', 'C01443', 'C01576', 'C01829', 'C01844', 'C01921', 'C01937', 'C01996', 'C02165', 'C02166', 'C02380', 'C02465', 'C02528', 'C02530', 'C02538', 'C02918', 'C03033', 'C03642', 'C03758', 'C03990', 'C04483', 'C04555', 'C05122', 'C05371', 'C05465', 'C05466', 'C05503', 'C05551', 'C05963', 'C06526', 'C06570', 'C06688', 'C06804', 'C06810', 'C06880', 'C06890', 'C06956', 'C06999', 'C07014', 'C07051', 'C07065', 'C07151', 'C07184', 'C07185', 'C07201', 'C07207', 'C07210', 'C07240', 'C07394', 'C07512', 'C07649', 'C07660', 'C07966', 'C08357', 'C08439', 'C09955', 'C11158', 'C11231', 'C11245', 'C11277', 'C11310', 'C11363', 'C11587', 'C11754', 'C12560', 'C16114', 'C16578', 'C16643']",0.0945273631840796,1.02444245646766,0.12432403201384382,0.0
hsa00534,Glycosaminoglycan biosynthesis - heparan sulfate / heparin - Homo sapiens (human),1/4,"['C00033', 'C00053', 'C00054', 'C02189']",0.04477611940298507,1.348953547981164,0.06772388059701492,0.0
hsa04070,Phosphatidylinositol signaling system - Homo sapiens (human),1/29,"['C00076', 'C00137', 'C00269', 'C00416', 'C00641', 'C01177', 'C01194', 'C01204', 'C01220', 'C01243', 'C01245', 'C01272', 'C01277', 'C01284', 'C03546', 'C04006', 'C04062', 'C04063', 'C04477', 'C04549', 'C04637', 'C05981', 'C11174', 'C11526', 'C11554', 'C11555', 'C11556', 'C11557', 'C20690']",0.004975124378109453,2.303196057420489,0.00912106135986733,0.0
hsa04068,FoxO signaling pathway - Homo sapiens (human),2/5,"['C00008', 'C00020', 'C00025', 'C00031', 'C05981']",0.009950248756218905,2.002166061756508,0.017448986949311414,0.0
hsa04066,HIF-1 signaling pathway - Homo sapiens (human),3/15,"['C00002', 'C00007', 'C00022', 'C00024', 'C00026', 'C00031', 'C00072', 'C00076', 'C00165', 'C00186', 'C00338', 'C00533', 'C00704', 'C01245', 'C14818']",0.39800995024875624,0.4001060704285453,0.44182755945045415,0.0
hsa02010,ABC transporters - Homo sapiens (human),19/138,"['C00009', 'C00025', 'C00031', 'C00032', 'C00034', 'C00037', 'C00038', 'C00041', 'C00047', 'C00049', 'C00051', 'C00059', 'C00062', 'C00064', 'C00065', 'C00070', 'C00077', 'C00079', 'C00086', 'C00088', 'C00089', 'C00093', 'C00095', 'C00098', 'C00107', 'C00114', 'C00116', 'C00120', 'C00121', 'C00123', 'C00134', 'C00135', 'C00137', 'C00140', 'C00148', 'C00151', 'C00159', 'C00175', 'C00181', 'C00183', 'C00185', 'C00188', 'C00208', 'C00212', 'C00243', 'C00244', 'C00245', 'C00255', 'C00259', 'C00288', 'C00291', 'C00294', 'C00299', 'C00315', 'C00320', 'C00330', 'C00333', 'C00338', 'C00378', 'C00379', 'C00387', 'C00392', 'C00407', 'C00430', 'C00470', 'C00475', 'C00487', 'C00491', 'C00492', 'C00503', 'C00526', 'C00559', 'C00719', 'C00794', 'C00855', 'C00865', 'C00881', 'C00919', 'C00973', 'C01083', 'C01153', 'C01157', 'C01177', 'C01181', 'C01279', 'C01330', 'C01417', 'C01487', 'C01606', 'C01630', 'C01667', 'C01674', 'C01682', 'C01684', 'C01762', 'C01834', 'C01835', 'C01935', 'C01946', 'C02160', 'C02273', 'C03557', 'C03611', 'C03619', 'C04114', 'C04137', 'C05349', 'C05402', 'C05512', 'C05776', 'C06227', 'C06229', 'C06230', 'C06232', 'C06687', 'C06705', 'C06706', 'C06707', 'C06767', 'C07662', 'C07663', 'C11612', 'C13768', 'C14818', 'C14819', 'C15521', 'C15719', 'C16421', 'C16692', 'C19609', 'C19872', 'C20570', 'C20571', 'C20572', 'C20573', 'C20679', 'C21066', 'C22040']",0.004975124378109453,2.303196057420489,0.00912106135986733,0.0
hsa04122,Sulfur relay system - Homo sapiens (human),1/11,"['C00019', 'C00041', 'C00044', 'C00097', 'C00378', 'C00868', 'C00979', 'C05924', 'C17322', 'C18237', 'C18239']",0.004975124378109453,2.303196057420489,0.00912106135986733,0.0
hsa00750,Vitamin B6 metabolism - Homo sapiens (human),1/29,"['C00018', 'C00064', 'C00117', 'C00118', 'C00232', 'C00250', 'C00266', 'C00279', 'C00314', 'C00534', 'C00627', 'C00647', 'C00847', 'C00971', 'C01215', 'C01270', 'C03393', 'C04106', 'C04604', 'C04690', 'C04773', 'C06050', 'C06051', 'C06052', 'C06054', 'C06055', 'C06056', 'C07335', 'C11638']",0.004975124378109453,2.303196057420489,0.00912106135986733,0.0
hsa00730,Thiamine metabolism - Homo sapiens (human),2/31,"['C00003', 'C00018', 'C00022', 'C00037', 'C00068', 'C00082', 'C00097', 'C00118', 'C00378', 'C01081', 'C01279', 'C02892', 'C03028', 'C03373', 'C04294', 'C04327', 'C04556', 'C04752', 'C05856', 'C11437', 'C15809', 'C15810', 'C15811', 'C15812', 'C15813', 'C15814', 'C19872', 'C20246', 'C20247', 'C20267', 'C20784']",0.004975124378109453,2.303196057420489,0.00912106135986733,0.0
hsa00520,Amino sugar and nucleotide sugar metabolism - Homo sapiens (human),1/73,"['C00029', 'C00031', 'C00043', 'C00052', 'C00085', 'C00095', 'C00096', 'C00103', 'C00140', 'C00159', 'C00167', 'C00181', 'C00190', 'C00191', 'C00203', 'C00216', 'C00259', 'C00267', 'C00275', 'C00325', 'C00329', 'C00333', 'C00352', 'C00357', 'C00394', 'C00446', 'C00461', 'C00498', 'C00501', 'C00617', 'C00636', 'C00645', 'C00668', 'C00714', 'C00734', 'C00842', 'C00935', 'C00976', 'C00984', 'C01019', 'C01050', 'C01132', 'C01170', 'C01623', 'C01674', 'C02262', 'C02280', 'C02352', 'C02474', 'C02713', 'C02985', 'C03733', 'C03737', 'C03906', 'C04037', 'C04257', 'C04501', 'C04631', 'C05385', 'C06023', 'C06156', 'C06376', 'C06377', 'C11521', 'C15925', 'C16183', 'C16698', 'C17269', 'C18060', 'C18094', 'C19769', 'C21027', 'C22029']",0.7213930348258707,0.14182805518551395,0.7524875621890548,0.0
hsa04924,Renin secretion - Homo sapiens (human),1/17,"['C00001', 'C00002', 'C00008', 'C00020', 'C00076', 'C00212', 'C00238', 'C00533', 'C00547', 'C00575', 'C00584', 'C00698', 'C00788', 'C00873', 'C00942', 'C01245', 'C02135']",0.06965174129353234,1.1570680217422509,0.09915130231196957,0.0
hsa00470,D-Amino acid metabolism - Homo sapiens (human),11/69,"['C00022', 'C00025', 'C00026', 'C00036', 'C00037', 'C00041', 'C00047', 'C00049', 'C00062', 'C00064', 'C00065', 'C00073', 'C00077', 'C00079', 'C00084', 'C00097', 'C00133', 'C00134', 'C00135', 'C00148', 'C00166', 'C00188', 'C00217', 'C00402', 'C00431', 'C00433', 'C00515', 'C00624', 'C00666', 'C00680', 'C00692', 'C00739', 'C00740', 'C00763', 'C00792', 'C00793', 'C00819', 'C00820', 'C00855', 'C00993', 'C01110', 'C01157', 'C01180', 'C01667', 'C01672', 'C01726', 'C02237', 'C02265', 'C02855', 'C03239', 'C03341', 'C03440', 'C03564', 'C03771', 'C03933', 'C03943', 'C04260', 'C04282', 'C04457', 'C05161', 'C05620', 'C05825', 'C05939', 'C05941', 'C05942', 'C06419', 'C22024', 'C22025', 'C22611']",0.004975124378109453,2.303196057420489,0.00912106135986733,0.0
hsa00440,Phosphonate and phosphinate metabolism - Homo sapiens (human),2/57,"['C00022', 'C00033', 'C00037', 'C00058', 'C00074', 'C00084', 'C00117', 'C01151', 'C01438', 'C02798', 'C03167', 'C03557', 'C04650', 'C05672', 'C05673', 'C05674', 'C05675', 'C05676', 'C05677', 'C05678', 'C05679', 'C05680', 'C05681', 'C05682', 'C05683', 'C06367', 'C06368', 'C06451', 'C06455', 'C06456', 'C06457', 'C06459', 'C17940', 'C17941', 'C17942', 'C17943', 'C17944', 'C17945', 'C17947', 'C17948', 'C17949', 'C17950', 'C17951', 'C17952', 'C17960', 'C17961', 'C17962', 'C20396', 'C20422', 'C20423', 'C20440', 'C20986', 'C21372', 'C21403', 'C21404', 'C21613', 'C22696']",0.004975124378109453,2.303196057420489,0.00912106135986733,0.0
hsa00270,Cysteine and methionine metabolism - Homo sapiens (human),3/68,"['C00019', 'C00021', 'C00022', 'C00041', 'C00049', 'C00051', 'C00059', 'C00065', 'C00073', 'C00094', 'C00097', 'C00109', 'C00155', 'C00170', 'C00197', 'C00263', 'C00283', 'C00409', 'C00441', 'C00491', 'C00506', 'C00606', 'C00793', 'C00957', 'C00979', 'C01005', 'C01077', 'C01102', 'C01118', 'C01137', 'C01180', 'C01234', 'C01817', 'C01962', 'C02218', 'C02291', 'C02356', 'C02989', 'C03082', 'C03089', 'C03145', 'C03232', 'C03431', 'C03539', 'C04188', 'C04582', 'C05324', 'C05524', 'C05526', 'C05527', 'C05528', 'C05823', 'C05824', 'C06547', 'C08276', 'C09306', 'C11437', 'C11481', 'C11499', 'C11537', 'C15606', 'C15650', 'C15651', 'C18049', 'C19787', 'C21015', 'C21016', 'C22359']",0.004975124378109453,2.303196057420489,0.00912106135986733,0.0
hsa00920,Sulfur metabolism - Homo sapiens (human),2/44,"['C00033', 'C00042', 'C00053', 'C00054', 'C00059', 'C00065', 'C00073', 'C00084', 'C00087', 'C00094', 'C00097', 'C00155', 'C00224', 'C00245', 'C00263', 'C00283', 'C00320', 'C00409', 'C00511', 'C00580', 'C00894', 'C00979', 'C01013', 'C01118', 'C01180', 'C01861', 'C02084', 'C03172', 'C03920', 'C04022', 'C08276', 'C11142', 'C11143', 'C11145', 'C15521', 'C17267', 'C19692', 'C20870', 'C20955', 'C22315', 'C22316', 'C22834', 'C23001', 'C23002']",0.004975124378109453,2.303196057420489,0.00912106135986733,0.0
hsa00190,Oxidative phosphorylation - Homo sapiens (human),1/12,"['C00001', 'C00002', 'C00003', 'C00004', 'C00007', 'C00008', 'C00009', 'C00013', 'C00042', 'C00080', 'C00122', 'C00536']",0.06965174129353234,1.1570680217422509,0.09915130231196957,0.0
hsa00051,Fructose and mannose metabolism - Homo sapiens (human),1/55,"['C00085', 'C00095', 'C00096', 'C00111', 'C00118', 'C00159', 'C00186', 'C00247', 'C00267', 'C00275', 'C00325', 'C00354', 'C00392', 'C00424', 'C00464', 'C00507', 'C00577', 'C00636', 'C00644', 'C00665', 'C00794', 'C00861', 'C00976', 'C01019', 'C01094', 'C01096', 'C01099', 'C01131', 'C01222', 'C01355', 'C01487', 'C01720', 'C01721', 'C01768', 'C01934', 'C02431', 'C02492', 'C02888', 'C02962', 'C02977', 'C02985', 'C02991', 'C03117', 'C03267', 'C03827', 'C03979', 'C05144', 'C05392', 'C06192', 'C11516', 'C11544', 'C18028', 'C18096', 'C20781', 'C20836']",0.3482587064676617,0.458098017406232,0.39754059889233084,0.0
hsa00030,Pentose phosphate pathway - Homo sapiens (human),1/37,"['C00022', 'C00031', 'C00085', 'C00117', 'C00118', 'C00119', 'C00121', 'C00197', 'C00198', 'C00199', 'C00204', 'C00221', 'C00231', 'C00257', 'C00258', 'C00279', 'C00345', 'C00354', 'C00577', 'C00620', 'C00631', 'C00668', 'C00672', 'C00673', 'C01151', 'C01172', 'C01182', 'C01218', 'C01236', 'C01801', 'C02076', 'C03752', 'C04442', 'C05382', 'C06019', 'C06473', 'C20589']",0.7512437810945274,0.12421911012731943,0.7575041459369818,0.0
hsa04072,Phospholipase D signaling pathway - Homo sapiens (human),1/11,"['C00025', 'C00076', 'C00165', 'C00416', 'C00575', 'C00639', 'C00681', 'C01245', 'C04637', 'C05981', 'C06124']",0.004975124378109453,2.303196057420489,0.00912106135986733,0.0
hsa04024,cAMP signaling pathway - Homo sapiens (human),2/25,"['C00020', 'C00042', 'C00076', 'C00080', 'C00165', 'C00186', 'C00212', 'C00238', 'C00288', 'C00334', 'C00416', 'C00547', 'C00575', 'C00584', 'C00698', 'C00780', 'C00788', 'C01089', 'C01245', 'C01312', 'C01330', 'C01996', 'C03758', 'C20792', 'C20793']",0.36318407960199006,0.43987319730003294,0.41070349188636257,0.0
hsa04152,AMPK signaling pathway - Homo sapiens (human),1/22,"['C00003', 'C00008', 'C00020', 'C00022', 'C00024', 'C00031', 'C00040', 'C00076', 'C00083', 'C00085', 'C00162', 'C00354', 'C00389', 'C00665', 'C00668', 'C00698', 'C00757', 'C01172', 'C04677', 'C05981', 'C07151', 'C09731']",0.736318407960199,0.1329343420255315,0.7537522471675236,0.0
hsa04150,mTOR signaling pathway - Homo sapiens (human),1/4,"['C00020', 'C00062', 'C00123', 'C05981']",0.2537313432835821,0.5956258813225525,0.3039751736367667,0.0
hsa04916,Melanogenesis - Homo sapiens (human),1/6,"['C00076', 'C00082', 'C00165', 'C00575', 'C01245', 'C05606']",0.11940298507462686,0.9229848157088829,0.1520816967792616,0.0
hsa04918,Thyroid hormone synthesis - Homo sapiens (human),1/21,"['C00001', 'C00005', 'C00006', 'C00007', 'C00027', 'C00051', 'C00076', 'C00092', 'C00117', 'C00127', 'C00165', 'C00231', 'C00238', 'C00575', 'C00708', 'C01060', 'C01245', 'C01330', 'C01829', 'C02465', 'C02515']",0.004975124378109453,2.303196057420489,0.00912106135986733,0.0
hsa04917,Prolactin signaling pathway - Homo sapiens (human),3/11,"['C00002', 'C00031', 'C00082', 'C00092', 'C00280', 'C00355', 'C00410', 'C00468', 'C00951', 'C03758', 'C05981']",0.4129353233830846,0.384117965044415,0.45422885572139304,0.0
hsa04922,Glucagon signaling pathway - Homo sapiens (human),2/26,"['C00022', 'C00024', 'C00026', 'C00031', 'C00036', 'C00040', 'C00042', 'C00074', 'C00076', 'C00083', 'C00085', 'C00103', 'C00122', 'C00149', 'C00158', 'C00182', 'C00186', 'C00197', 'C00311', 'C00354', 'C00575', 'C00631', 'C00665', 'C00668', 'C01172', 'C01245']",0.39800995024875624,0.4001060704285453,0.44182755945045415,0.0
hsa04910,Insulin signaling pathway - Homo sapiens (human),1/4,"['C00031', 'C00369', 'C00575', 'C05981']",0.6467661691542289,0.18925270511365205,0.686479881295278,0.0
hsa04911,Insulin secretion - Homo sapiens (human),2/12,"['C00002', 'C00022', 'C00031', 'C00076', 'C00092', 'C00162', 'C00165', 'C00238', 'C00575', 'C01245', 'C01330', 'C01996']",0.43781094527363185,0.35871338527032026,0.4772533727757608,0.0
hsa04621,NOD-like receptor signaling pathway - Homo sapiens (human),1/6,"['C00002', 'C00076', 'C00155', 'C00238', 'C00533', 'C01245']",0.03980099502487562,1.4001060704285453,0.06096101769632848,0.0
hsa04611,Platelet activation - Homo sapiens (human),1/14,"['C00002', 'C00008', 'C00076', 'C00165', 'C00219', 'C00427', 'C00533', 'C00575', 'C00942', 'C01245', 'C01312', 'C02198', 'C05956', 'C05981']",0.07960199004975124,1.099076074764564,0.10945273631840796,0.0
hsa04540,Gap junction - Homo sapiens (human),1/11,"['C00025', 'C00076', 'C00165', 'C00533', 'C00547', 'C00575', 'C00681', 'C00780', 'C00942', 'C01245', 'C03758']",0.004975124378109453,2.303196057420489,0.00912106135986733,0.0
hsa04217,Necroptosis - Homo sapiens (human),1/10,"['C00002', 'C00027', 'C00076', 'C00195', 'C00219', 'C00305', 'C00319', 'C00550', 'C14592', 'C16844']",0.05970149253731343,1.224014811372864,0.08703470598813162,0.0
hsa04216,Ferroptosis - Homo sapiens (human),2/29,"['C00010', 'C00024', 'C00025', 'C00027', 'C00032', 'C00051', 'C00097', 'C00127', 'C00129', 'C00219', 'C00356', 'C00418', 'C00491', 'C00669', 'C02249', 'C02477', 'C11378', 'C14818', 'C14819', 'C16170', 'C16527', 'C16844', 'C21478', 'C21479', 'C21480', 'C21481', 'C21482', 'C21483', 'C21484']",0.004975124378109453,2.303196057420489,0.00912106135986733,0.0
hsa04148,Efferocytosis - Homo sapiens (human),4/21,"['C00002', 'C00003', 'C00019', 'C00031', 'C00062', 'C00073', 'C00075', 'C00077', 'C00134', 'C00162', 'C00186', 'C00187', 'C00584', 'C02530', 'C02737', 'C04230', 'C06124', 'C06314', 'C15519', 'C15610', 'C18178']",0.26865671641791045,0.5708022975975203,0.3187006145741879,0.0
hsa04142,Lysosome - Homo sapiens (human),1/4,"['C00002', 'C00008', 'C00159', 'C00275']",0.05472636815920398,1.261803372262264,0.08075476277150832,0.0
hsa04082,Neuroactive ligand signaling - Homo sapiens (human),4/40,"['C00002', 'C00008', 'C00015', 'C00025', 'C00029', 'C00037', 'C00075', 'C00076', 'C00114', 'C00165', 'C00212', 'C00334', 'C00388', 'C00547', 'C00575', 'C00698', 'C00780', 'C00788', 'C01330', 'C01996', 'C02210', 'C02758', 'C03758', 'C11684', 'C15871', 'C16039', 'C16040', 'C16041', 'C16044', 'C16094', 'C16095', 'C16096', 'C16097', 'C16098', 'C16099', 'C16100', 'C16101', 'C16103', 'C16136', 'C16137']",0.004975124378109453,2.303196057420489,0.00912106135986733,0.0
hsa04080,Neuroactive ligand-receptor interaction - Homo sapiens (human),6/53,"['C00002', 'C00008', 'C00015', 'C00025', 'C00037', 'C00049', 'C00075', 'C00099', 'C00212', 'C00245', 'C00334', 'C00388', 'C00398', 'C00410', 'C00483', 'C00506', 'C00547', 'C00584', 'C00639', 'C00681', 'C00696', 'C00735', 'C00780', 'C00788', 'C01120', 'C01312', 'C01516', 'C01598', 'C01829', 'C01996', 'C02165', 'C02166', 'C02198', 'C02465', 'C03758', 'C04227', 'C04598', 'C05113', 'C05951', 'C05952', 'C06124', 'C06314', 'C06865', 'C11695', 'C12270', 'C12271', 'C12272', 'C13856', 'C15890', 'C15891', 'C15995', 'C16511', 'C16512']",0.004975124378109453,2.303196057420489,0.00912106135986733,0.0
hsa04933,AGE-RAGE signaling pathway in diabetic complications - Homo sapiens (human),1/9,"['C00031', 'C00076', 'C00165', 'C00195', 'C01245', 'C21011', 'C21012', 'C21013', 'C21014']",0.7412935323383084,0.13000978900821486,0.7537522471675236,0.0
